height_um,potential_peak_to_peak_V
0.0,1.0
3.8100000000000542,0.9702758199627534
7.6199999999999735,0.9406408499689805
11.430000000000028,0.9111824327141114
15.239999999999947,0.8819842880263029
19.05,0.8531249675368384
22.860000000000056,0.82467659370793
26.669999999999973,0.7967039270980392
30.48000000000003,0.7692637745527975
34.28999999999995,0.7424047233942976
38.1,0.7161671656030854
41.91000000000005,0.6905835626580841
45.71999999999998,0.6656788958326614
49.53000000000003,0.6414712470533145
53.33999999999995,0.6179724601631842
57.150000000000006,0.5951888398229865
60.96000000000006,0.5731218538076023
64.76999999999998,0.5517688129783762
68.58000000000003,0.5311235109844666
72.38999999999994,0.5111768123678881
76.2,0.4919171830721505
80.01000000000006,0.47333116141472276
83.81999999999998,0.45540377051285796
87.63000000000002,0.4381188751325821
91.43999999999996,0.4214594871544729
95.25,0.40540802449780866
99.06000000000006,0.3899465285735313
102.86999999999998,0.37505684527507643
106.68000000000004,0.36072077426562155
110.48999999999995,0.3469201909571312
114.30000000000001,0.3336371451562851
118.11000000000006,0.3208539399138136
121.91999999999997,0.30855319368282275
125.73000000000003,0.29671788848459546
129.53999999999996,0.2853314064063328
133.35,0.27437755641866757
137.16000000000005,0.2638405932025338
140.96999999999997,0.2537052294140122
144.78000000000003,0.2439566425896588
148.58999999999995,0.23458047770050675
152.4,0.225562846197023
156.21000000000006,0.21689032224643465
160.01999999999998,0.20854993674478842
163.83000000000004,0.20052916958587033
167.63999999999996,0.19281594058501467
171.45000000000002,0.1853985993854586
175.26000000000005,0.1782659146161698
179.07,0.17140706252115956
182.88000000000002,0.16481161523963989
186.68999999999994,0.15846952888264942
190.5,0.15237113152383144
194.31000000000006,0.1465071111989357
198.11999999999998,0.140868503989534
201.93000000000004,0.13544668225070242
205.73999999999995,0.13023334302947215
209.55,0.12522049671020574
213.36000000000007,0.12040045591432569
217.17,0.11576582467467696
220.98000000000005,0.1113094878989693
224.78999999999996,0.10702460113199713
228.60000000000002,0.10290458062247854
232.41000000000005,0.09894309369724054
236.21999999999997,0.09513404944297262
240.03000000000003,0.09147158969376705
243.83999999999995,0.08795008032107654
247.65,0.0845641028214704
251.46000000000006,0.0813084461966017
255.26999999999998,0.0781780991190586
259.08000000000004,0.07516824237722036
262.88999999999993,0.07227424159184079
266.7,0.06949164019680869
270.51000000000005,0.06681615267636351
274.32,0.06424365805095542
278.13000000000005,0.06177019360391622
281.93999999999994,0.059391948841139866
285.75,0.05710525967604299
289.56000000000006,0.05490660283218492
293.37,0.052792590456058795
297.18000000000006,0.050759964932719975
300.98999999999995,0.04880559389708651
304.8,0.04692646543392694
308.61000000000007,0.04511968345973895
312.42000000000013,0.04338246327991589
316.2299999999999,0.04171212731479422
320.03999999999996,0.04010610098837328
323.85,0.03856190877369563
327.6600000000001,0.03707717038907263
331.47000000000014,0.03564959713953364
335.2799999999999,0.034276988398067684
339.09,0.032957228221414184
342.90000000000003,0.03168828209534166
346.7100000000001,0.03046819380453287
350.5200000000001,0.029295082422368283
354.3299999999999,0.028167139416069804
358.14,0.02708262586283066
361.95,0.026039869772717328
365.76000000000005,0.025037263514283856
369.5700000000001,0.02407326133898873
373.3799999999999,0.023146377000649247
377.18999999999994,0.022255181466308505
381.0,0.02139830071502516
384.81000000000006,0.020574413621227118
388.6200000000001,0.01978224991939611
392.4299999999999,0.01902058824697189
396.23999999999995,0.018288254262482123
400.05,0.01758411883601723
403.86000000000007,0.016907096309278336
407.67000000000013,0.016256142822531724
411.4799999999999,0.015630254705904328
415.28999999999996,0.015028466932552411
419.1,0.014449851631329391
422.9100000000001,0.013893516656669293
426.72000000000014,0.013358604213489386
430.5299999999999,0.012844289534999317
434.34,0.012349779611384872
438.15000000000003,0.011874311967411951
441.9600000000001,0.01141715348707136
445.77000000000015,0.010977599283456669
449.5799999999999,0.01055497161213682
453.39,0.010148618826351577
457.20000000000005,0.00975791437242212
461.01000000000005,0.00938225582383066
464.8200000000001,0.009021063952482207
468.6299999999999,0.00867378183571877
472.43999999999994,0.00833987399771106
476.25,0.008018825583905514
480.06000000000006,0.007710141567255379
483.8700000000001,0.007413345985013224
487.6799999999999,0.007127981204909398
491.48999999999995,0.00685360721958596
495.3,0.006589800968199196
499.11000000000007,0.006336155684145519
502.92000000000013,0.0060922802679057525
506.7299999999999,0.005857798684041504
510.53999999999996,0.005632349381414388
514.35,0.005415584735734705
518.1600000000001,0.005207170513580489
521.9700000000001,0.005006785357060898
525.7799999999999,0.004814120288329735
529.5899999999999,0.004628878233185408
533.4,0.004450773563023081
537.21,0.004279531654432974
541.0200000000001,0.004114888465765999
544.8299999999999,0.003956590130014049
548.64,0.0038043925633773233
552.45,0.003658061088915374
556.2600000000001,0.003517370074701643
560.0700000000002,0.003382102585923732
563.8799999999999,0.0032520500503930494
567.6899999999999,0.003127011936948205
571.5,0.003006795446256351
575.3100000000001,0.0028912152135357845
579.1200000000001,0.002780093022741524
582.93,0.002673257531773192
586.74,0.002570544008281576
590.5500000000001,0.002471794075666533
594.3600000000001,0.0023768554688746403
598.1700000000002,0.0022855817996200864
601.9799999999999,0.002197832330666833
605.79,0.00211347175882402
609.6,0.0020323700063200594
613.4100000000001,0.0019544020202337444
617.2200000000001,0.0018794475796731311
621.0299999999999,0.0018073911104049053
624.8399999999999,0.0017381215066484203
628.65,0.001671531959759635
632.46,0.0016075197935408164
636.2700000000001,0.0015459863059220768
640.0799999999999,0.001486836616770641
643.89,0.0014299795215931821
647.7,0.00137532735090566
651.5100000000001,0.0013227958350538241
655.3200000000002,0.0012723039742759557
659.1299999999999,0.0012237739138074972
662.9399999999999,0.001177130823834992
666.75,0.001132302784114249
670.5600000000001,0.0010892206730748108
674.3700000000001,0.001047818061239744
678.18,0.0010080311087964226
681.99,0.0009697984671603527
685.8000000000001,0.0009330611843802749
689.6100000000001,0.0008977626142386803
693.4200000000002,0.0008638483289075839
697.2299999999999,0.0008312660350248799
701.04,0.0007999654930618749
704.85,0.0007698984398576697
708.6600000000001,0.0007410185142009502
712.4700000000001,0.0007132811853444326
716.28,0.0006866436843417477
720.0899999999999,0.0006610649381008832
723.9,0.000636505506052507
727.71,0.0006129275193355146
731.5200000000001,0.0005902946224060314
735.3299999999999,0.0005685719169798366
739.14,0.000547725908221771
742.95,0.0005277244530991594
746.7600000000001,0.0005085367108196084
750.5700000000002,0.0004901330952767646
754.3799999999999,0.00047248522943070244
758.1899999999999,0.00045556590155260477
762.0,0.0004393490232662649
765.8100000000001,0.00042380958932171603
769.6200000000001,0.0004089236390389614
773.43,0.0003946682193623536
777.24,0.00038102134946865686
781.0500000000001,0.0003679619868742195
784.8600000000001,0.0003554699949889975
788.6700000000002,0.00034352611206739955
792.4799999999999,0.00033211192150807764
796.29,0.00032120982345686827
800.1,0.000310803007669098
803.9100000000001,0.0003008754275894089
807.7200000000001,0.0002914117756091379
811.53,0.00028239745946309614
815.34,0.0002738185797293581
819.15,0.00026566190839736226
822.96,0.0002579148684712806
826.7700000000001,0.0002505655145772046
830.5799999999999,0.00024360251454424637
834.39,0.00023701513193115462
838.2,0.0002307932094715017
842.0100000000001,0.00022492715341191618
845.8200000000002,0.00021940791871921225
849.6299999999999,0.00021422699513360476
853.4399999999999,0.00020937639404650657
857.25,0.00020484863618267402
861.0600000000001,0.00020063674006770744
864.8700000000001,0.00019673421126312408
868.68,0.00019313503235240554
872.49,0.00018983365366257793
876.3000000000001,0.00018682498470701898
880.1100000000001,0.00018410438633629714
883.9200000000002,0.00018166766358493943
887.7299999999999,0.00017951105920309944
891.54,0.00017763124786315029
895.35,0.000176025331032271
899.1600000000001,0.00017469083250311893
902.9700000000001,0.0001736256945756978
906.78,0.00017282827488453354
910.59,0.00017229734386626589
914.4000000000001,0.00017203208286375088
